languageFrom,languageTo,changeDate
"_ as _","_ tak jak _",2020-01-01T12:00:00.000Z
"_ is _","_ jest _",2020-01-01T12:00:00.000Z
"_ of _","_ z _",2020-01-01T12:00:00.000Z
"a little",trochę,2020-01-01T12:00:00.000Z
"a little bit",troszkę,2020-01-01T12:00:00.000Z
"a lot of",dużo,2020-01-01T12:00:00.000Z
aaa,aaa,2020-01-01T12:00:00.000Z
about,o,2020-01-01T12:00:00.000Z
above,powyżej,2020-01-01T12:00:00.000Z
access,dostęp,2020-01-01T12:00:00.000Z
accident,wypadek,2020-01-01T12:00:00.000Z
accountancy,Księgowość,2020-01-01T12:00:00.000Z
ace,as,2020-01-01T12:00:00.000Z
ache,ból,2020-01-01T12:00:00.000Z
across,przez,2020-01-01T12:00:00.000Z
add,Dodaj,2020-01-01T12:00:00.000Z
adult,dorosły,2020-01-01T12:00:00.000Z
advantage,korzyść,2020-01-01T12:00:00.000Z
aeroplane,samolot,2020-01-01T12:00:00.000Z
afraid,przestraszony,2020-01-01T12:00:00.000Z
"afraid of","bać się",2020-01-01T12:00:00.000Z
after,po,2020-01-01T12:00:00.000Z
again,"jeszcze raz",2020-01-01T12:00:00.000Z
against,przeciwko,2020-01-01T12:00:00.000Z
againts,przeciw,2020-01-01T12:00:00.000Z
age,wiek,2020-01-01T12:00:00.000Z
all,wszystko,2020-01-01T12:00:00.000Z
"all the time","cały czas",2020-01-01T12:00:00.000Z
almost,prawie,2020-01-01T12:00:00.000Z
alone,sam,2020-01-01T12:00:00.000Z
already,już,2020-01-01T12:00:00.000Z
although,"mimo że",2020-01-01T12:00:00.000Z
always,zawsze,2020-01-01T12:00:00.000Z
ancient,starożytny,2020-01-01T12:00:00.000Z
and,i,2020-01-01T12:00:00.000Z
angry,zły,2020-01-01T12:00:00.000Z
another,inne,2020-01-01T12:00:00.000Z
answer,odpowiedź,2020-01-01T12:00:00.000Z
"answer the question","Odpowiedz na pytanie",2020-01-01T12:00:00.000Z
any,każdy,2020-01-01T12:00:00.000Z
anyone,ktoś,2020-01-01T12:00:00.000Z
anything,"byle co",2020-01-01T12:00:00.000Z
anywhere,gdziekolwiek,2020-01-01T12:00:00.000Z
appear,"zjawić się",2020-01-01T12:00:00.000Z
april,kwiecień,2020-01-01T12:00:00.000Z
around,"na około",2020-01-01T12:00:00.000Z
arrow,strzałka,2020-01-01T12:00:00.000Z
artisan,rzemieślnik,2020-01-01T12:00:00.000Z
"as soon as","jak tylko",2020-01-01T12:00:00.000Z
ash,popiół,2020-01-01T12:00:00.000Z
ask,zapytać,2020-01-01T12:00:00.000Z
associated,powiązany,2020-01-01T12:00:00.000Z
assume,założyć,2020-01-01T12:00:00.000Z
assumption,założenie,2020-01-01T12:00:00.000Z
"at all","w ogóle",2020-01-01T12:00:00.000Z
"at home","w domu",2020-01-01T12:00:00.000Z
"at least",przynajmniej,2020-01-01T12:00:00.000Z
attract,pociągać,2020-01-01T12:00:00.000Z
august,sierpień,2020-01-01T12:00:00.000Z
aunt,ciocia,2020-01-01T12:00:00.000Z
average,średni,2020-01-01T12:00:00.000Z
axe,topór,2020-01-01T12:00:00.000Z
b,b,2020-01-01T12:00:00.000Z
baby,kochanie,2020-01-01T12:00:00.000Z
bad,zły,2020-01-01T12:00:00.000Z
bag,torba,2020-01-01T12:00:00.000Z
"balls of snow","kule śniegu",2020-01-01T12:00:00.000Z
bar,bar,2020-01-01T12:00:00.000Z
bark,szczekać,2020-01-01T12:00:00.000Z
"based on","oparte na",2020-01-01T12:00:00.000Z
basememt,piwnica,2020-01-01T12:00:00.000Z
"bath (take bath)","kąpiel (weź kąpiel)",2020-01-01T12:00:00.000Z
bathroom,łazienka,2020-01-01T12:00:00.000Z
beard,zarost,2020-01-01T12:00:00.000Z
beautiful,piękny,2020-01-01T12:00:00.000Z
because,dlatego,2020-01-01T12:00:00.000Z
bee,pszczoła,2020-01-01T12:00:00.000Z
before,przed,2020-01-01T12:00:00.000Z
begin,zaczynać,2020-01-01T12:00:00.000Z
beginnner,początkujący,2020-01-01T12:00:00.000Z
behave,"zachować się",2020-01-01T12:00:00.000Z
behavior,zachowanie,2020-01-01T12:00:00.000Z
behind,za,2020-01-01T12:00:00.000Z
believe,uwierzyć,2020-01-01T12:00:00.000Z
"belly button",pępek,2020-01-01T12:00:00.000Z
"belong to","należeć do",2020-01-01T12:00:00.000Z
below,poniżej,2020-01-01T12:00:00.000Z
benefit,zasiłek,2020-01-01T12:00:00.000Z
berry,jagoda,2020-01-01T12:00:00.000Z
between,pomiędzy,2020-01-01T12:00:00.000Z
beyond,poza,2020-01-01T12:00:00.000Z
big,duży,2020-01-01T12:00:00.000Z
bigger,większy,2020-01-01T12:00:00.000Z
bird,ptak,2020-01-01T12:00:00.000Z
bishop,biskup,2020-01-01T12:00:00.000Z
bite,gryźć,2020-01-01T12:00:00.000Z
bitter,gorzki,2020-01-01T12:00:00.000Z
black,czarny,2020-01-01T12:00:00.000Z
"black berry","czarna jagoda",2020-01-01T12:00:00.000Z
blackout,zaciemnienie,2020-01-01T12:00:00.000Z
blind,ślepy,2020-01-01T12:00:00.000Z
blood,krew,2020-01-01T12:00:00.000Z
blue,niebieski,2020-01-01T12:00:00.000Z
boar,dzik,2020-01-01T12:00:00.000Z
board,tablica,2020-01-01T12:00:00.000Z
boat,łódź,2020-01-01T12:00:00.000Z
body,ciało,2020-01-01T12:00:00.000Z
boil,gotować,2020-01-01T12:00:00.000Z
bone,kość,2020-01-01T12:00:00.000Z
book,książka,2020-01-01T12:00:00.000Z
boots,buty,2020-01-01T12:00:00.000Z
boring,nudny,2020-01-01T12:00:00.000Z
borrow,pożyczać,2020-01-01T12:00:00.000Z
both,obie,2020-01-01T12:00:00.000Z
bottom,Dolny,2020-01-01T12:00:00.000Z
brain,mózg,2020-01-01T12:00:00.000Z
"brake in","włamać się",2020-01-01T12:00:00.000Z
brave,odważny,2020-01-01T12:00:00.000Z
break,złamać,2020-01-01T12:00:00.000Z
"break in","włamać się",2020-01-01T12:00:00.000Z
"break off",zerwać,2020-01-01T12:00:00.000Z
breakfast,śniadanie,2020-01-01T12:00:00.000Z
breath,oddech,2020-01-01T12:00:00.000Z
bridge,most,2020-01-01T12:00:00.000Z
bright,jasny,2020-01-01T12:00:00.000Z
bring,przynieść,2020-01-01T12:00:00.000Z
broke,"zepsuł się",2020-01-01T12:00:00.000Z
broken,złamany,2020-01-01T12:00:00.000Z
broomstick,miotła,2020-01-01T12:00:00.000Z
brother,brat,2020-01-01T12:00:00.000Z
brown,brązowy,2020-01-01T12:00:00.000Z
browse,Przeglądaj,2020-01-01T12:00:00.000Z
browser,przeglądarka,2020-01-01T12:00:00.000Z
bug,pluskwa,2020-01-01T12:00:00.000Z
build,budować,2020-01-01T12:00:00.000Z
buildind,budować,2020-01-01T12:00:00.000Z
bulb,żarówka,2020-01-01T12:00:00.000Z
bullet,pocisk,2020-01-01T12:00:00.000Z
busy,zajęty,2020-01-01T12:00:00.000Z
but,ale,2020-01-01T12:00:00.000Z
butterfly,motyl,2020-01-01T12:00:00.000Z
button,przycisk,2020-01-01T12:00:00.000Z
buy,Kup,2020-01-01T12:00:00.000Z
by,przez,2020-01-01T12:00:00.000Z
cables,kable,2020-01-01T12:00:00.000Z
cake,ciasto,2020-01-01T12:00:00.000Z
calculate,Oblicz,2020-01-01T12:00:00.000Z
calculation,obliczenie,2020-01-01T12:00:00.000Z
call,połączenie,2020-01-01T12:00:00.000Z
called,nazywa,2020-01-01T12:00:00.000Z
calm,spokojna,2020-01-01T12:00:00.000Z
"calm down","uspokój się",2020-01-01T12:00:00.000Z
camel,wielbłąd,2020-01-01T12:00:00.000Z
"can see",widać,2020-01-01T12:00:00.000Z
"can't wait for","nie mogę się doczekać",2020-01-01T12:00:00.000Z
candy,cukierek,2020-01-01T12:00:00.000Z
cannon,armata,2020-01-01T12:00:00.000Z
cap,czapka,2020-01-01T12:00:00.000Z
capable,zdolny,2020-01-01T12:00:00.000Z
capital,kapitał,2020-01-01T12:00:00.000Z
careful,ostrożny,2020-01-01T12:00:00.000Z
careless,nieostrożny,2020-01-01T12:00:00.000Z
carry,nieść,2020-01-01T12:00:00.000Z
castle,zamek,2020-01-01T12:00:00.000Z
cause,przyczyna,2020-01-01T12:00:00.000Z
cave,jaskinia,2020-01-01T12:00:00.000Z
century,stulecie,2020-01-01T12:00:00.000Z
certain,pewny,2020-01-01T12:00:00.000Z
championship,mistrzostwo,2020-01-01T12:00:00.000Z
chance,szansa,2020-01-01T12:00:00.000Z
change,zmiana,2020-01-01T12:00:00.000Z
chapter,rozdział,2020-01-01T12:00:00.000Z
cheap,tani,2020-01-01T12:00:00.000Z
check,czek,2020-01-01T12:00:00.000Z
checkered,"w kratkę",2020-01-01T12:00:00.000Z
chess,szachy,2020-01-01T12:00:00.000Z
chew,żuć,2020-01-01T12:00:00.000Z
child,dziecko,2020-01-01T12:00:00.000Z
children,dzieci,2020-01-01T12:00:00.000Z
chill,chłód,2020-01-01T12:00:00.000Z
chimney,komin,2020-01-01T12:00:00.000Z
choice,wybór,2020-01-01T12:00:00.000Z
choke,"dławić się",2020-01-01T12:00:00.000Z
choose,wybierać,2020-01-01T12:00:00.000Z
chopper,siekacz,2020-01-01T12:00:00.000Z
cinema,kino,2020-01-01T12:00:00.000Z
circle,okrąg,2020-01-01T12:00:00.000Z
classroom,klasa,2020-01-01T12:00:00.000Z
claws,pazury,2020-01-01T12:00:00.000Z
clean,czysty,2020-01-01T12:00:00.000Z
clear,jasny,2020-01-01T12:00:00.000Z
climb,"wspinać się",2020-01-01T12:00:00.000Z
clock,zegar,2020-01-01T12:00:00.000Z
close,blisko,2020-01-01T12:00:00.000Z
"close to each other","blisko siebie nawzajem",2020-01-01T12:00:00.000Z
cloth,płótno,2020-01-01T12:00:00.000Z
cloud,Chmura,2020-01-01T12:00:00.000Z
clubs,kluby,2020-01-01T12:00:00.000Z
cold,zimno,2020-01-01T12:00:00.000Z
come,chodź,2020-01-01T12:00:00.000Z
commit,popełnić,2020-01-01T12:00:00.000Z
conductor,konduktor,2020-01-01T12:00:00.000Z
confess,wyznać,2020-01-01T12:00:00.000Z
confession,wyznanie,2020-01-01T12:00:00.000Z
confuse,dezorientować,2020-01-01T12:00:00.000Z
connect,połączyć,2020-01-01T12:00:00.000Z
consider,rozważać,2020-01-01T12:00:00.000Z
"consist of","składać się z",2020-01-01T12:00:00.000Z
contain,zawierać,2020-01-01T12:00:00.000Z
content,zawartość,2020-01-01T12:00:00.000Z
convince,przekonać,2020-01-01T12:00:00.000Z
cookie,ciastko,2020-01-01T12:00:00.000Z
cool,chłodny,2020-01-01T12:00:00.000Z
cooperate,współpracować,2020-01-01T12:00:00.000Z
corner,kąt,2020-01-01T12:00:00.000Z
could,mógłby,2020-01-01T12:00:00.000Z
country,kraj,2020-01-01T12:00:00.000Z
cover,pokrywa,2020-01-01T12:00:00.000Z
coward,tchórz,2020-01-01T12:00:00.000Z
crayfish,rak,2020-01-01T12:00:00.000Z
crazy,zwariowany,2020-01-01T12:00:00.000Z
cream,krem,2020-01-01T12:00:00.000Z
creature,kreatura,2020-01-01T12:00:00.000Z
cross,krzyż,2020-01-01T12:00:00.000Z
crowd,tłum,2020-01-01T12:00:00.000Z
crown,korona,2020-01-01T12:00:00.000Z
cry,płakać,2020-01-01T12:00:00.000Z
crybaby,beksa,2020-01-01T12:00:00.000Z
cure,lekarstwo,2020-01-01T12:00:00.000Z
curious,ciekawy,2020-01-01T12:00:00.000Z
currency,waluta,2020-01-01T12:00:00.000Z
current,obecny,2020-01-01T12:00:00.000Z
dangerous,niebezpieczny,2020-01-01T12:00:00.000Z
dark,ciemny,2020-01-01T12:00:00.000Z
daughter,córka,2020-01-01T12:00:00.000Z
day,dzień,2020-01-01T12:00:00.000Z
"day off","dzień wolny",2020-01-01T12:00:00.000Z
dead,"nie żyje",2020-01-01T12:00:00.000Z
deaf,głuchy,2020-01-01T12:00:00.000Z
"deal damage","zadać obrażenia",2020-01-01T12:00:00.000Z
"deal with something","poradzić sobie z czymś",2020-01-01T12:00:00.000Z
death,śmierć,2020-01-01T12:00:00.000Z
december,grudzień,2020-01-01T12:00:00.000Z
deep,głęboki,2020-01-01T12:00:00.000Z
defence,obrona,2020-01-01T12:00:00.000Z
definately,zdecydowanie,2020-01-01T12:00:00.000Z
degrees,stopnie,2020-01-01T12:00:00.000Z
delicious,pyszne,2020-01-01T12:00:00.000Z
delitious,obrzydliwy,2020-01-01T12:00:00.000Z
dependent,zależny,2020-01-01T12:00:00.000Z
describe,opisać,2020-01-01T12:00:00.000Z
description,opis,2020-01-01T12:00:00.000Z
desert,pustynia,2020-01-01T12:00:00.000Z
destination,"Miejsce docelowe",2020-01-01T12:00:00.000Z
destiny,przeznaczenie,2020-01-01T12:00:00.000Z
destroy,zniszczyć,2020-01-01T12:00:00.000Z
destruction,zniszczenie,2020-01-01T12:00:00.000Z
device,urządzenie,2020-01-01T12:00:00.000Z
diamonds,diamenty,2020-01-01T12:00:00.000Z
diaper,pielucha,2020-01-01T12:00:00.000Z
did,zrobił,2020-01-01T12:00:00.000Z
die,umierać,2020-01-01T12:00:00.000Z
difference,różnica,2020-01-01T12:00:00.000Z
different,różne,2020-01-01T12:00:00.000Z
difficult,trudny,2020-01-01T12:00:00.000Z
digest,strawić,2020-01-01T12:00:00.000Z
dimention,wymiar,2020-01-01T12:00:00.000Z
dinner,obiad,2020-01-01T12:00:00.000Z
direction,kierunek,2020-01-01T12:00:00.000Z
dirty,brudny,2020-01-01T12:00:00.000Z
disadvantage,niekorzyść,2020-01-01T12:00:00.000Z
disapear,zniknąć,2020-01-01T12:00:00.000Z
disappoint,zawieść,2020-01-01T12:00:00.000Z
disaster,katastrofa,2020-01-01T12:00:00.000Z
disgusting,obrzydliwy,2020-01-01T12:00:00.000Z
dish,danie,2020-01-01T12:00:00.000Z
dishwasher,zmywarka,2020-01-01T12:00:00.000Z
dislike,"nie lubić",2020-01-01T12:00:00.000Z
dissolve,rozpuścić,2020-01-01T12:00:00.000Z
distinguish,rozróżniać,2020-01-01T12:00:00.000Z
disturb,przeszkadzać,2020-01-01T12:00:00.000Z
dive,nurkować,2020-01-01T12:00:00.000Z
do,zrobić,2020-01-01T12:00:00.000Z
"do _ have _","mają _",2020-01-01T12:00:00.000Z
"do you like to","czy lubisz",2020-01-01T12:00:00.000Z
"do you like?","czy lubisz?",2020-01-01T12:00:00.000Z
"do you love","czy kochasz",2020-01-01T12:00:00.000Z
donut,pączek,2020-01-01T12:00:00.000Z
door,drzwi,2020-01-01T12:00:00.000Z
dot,kropka,2020-01-01T12:00:00.000Z
double,podwójnie,2020-01-01T12:00:00.000Z
doughnut,pączek,2020-01-01T12:00:00.000Z
down,"na dół",2020-01-01T12:00:00.000Z
draw,remis,2020-01-01T12:00:00.000Z
drawer,szuflada,2020-01-01T12:00:00.000Z
drawing,rysunek,2020-01-01T12:00:00.000Z
dream,śnić,2020-01-01T12:00:00.000Z
drink,drink,2020-01-01T12:00:00.000Z
drive,napęd,2020-01-01T12:00:00.000Z
dry,suchy,2020-01-01T12:00:00.000Z
durable,trwały,2020-01-01T12:00:00.000Z
during,"w trakcie",2020-01-01T12:00:00.000Z
dust,kurz,2020-01-01T12:00:00.000Z
each,każdy,2020-01-01T12:00:00.000Z
ear,ucho,2020-01-01T12:00:00.000Z
early,wcześnie,2020-01-01T12:00:00.000Z
ears,uszy,2020-01-01T12:00:00.000Z
east,Wschód,2020-01-01T12:00:00.000Z
easy,łatwo,2020-01-01T12:00:00.000Z
efficiency,wydajność,2020-01-01T12:00:00.000Z
efficient,wydajny,2020-01-01T12:00:00.000Z
electicity,elektryczność,2020-01-01T12:00:00.000Z
"electric grid","sieci elektryczne",2020-01-01T12:00:00.000Z
electricity,Elektryczność,2020-01-01T12:00:00.000Z
elevator,winda,2020-01-01T12:00:00.000Z
emblem,godło,2020-01-01T12:00:00.000Z
empty,pusty,2020-01-01T12:00:00.000Z
enemy,wróg,2020-01-01T12:00:00.000Z
engine,silnik,2020-01-01T12:00:00.000Z
enough,dość,2020-01-01T12:00:00.000Z
entertainment,zabawa,2020-01-01T12:00:00.000Z
entlarge,powiększ,2020-01-01T12:00:00.000Z
equal,równy,2020-01-01T12:00:00.000Z
even,parzysty,2020-01-01T12:00:00.000Z
every,każdy,2020-01-01T12:00:00.000Z
"every time","każdego razu",2020-01-01T12:00:00.000Z
everybody,wszyscy,2020-01-01T12:00:00.000Z
everyone,wszyscy,2020-01-01T12:00:00.000Z
exactly,dokładnie,2020-01-01T12:00:00.000Z
example,przykład,2020-01-01T12:00:00.000Z
exceed,przekraczać,2020-01-01T12:00:00.000Z
"except for","z wyjątkiem",2020-01-01T12:00:00.000Z
exception,wyjątek,2020-01-01T12:00:00.000Z
exceptional,wyjątkowy,2020-01-01T12:00:00.000Z
exciting,ekscytujący,2020-01-01T12:00:00.000Z
exclude,wykluczać,2020-01-01T12:00:00.000Z
exercise,ćwiczenie,2020-01-01T12:00:00.000Z
exhibition,wystawa,2020-01-01T12:00:00.000Z
exiting,wyjście,2020-01-01T12:00:00.000Z
expand,rozszerzać,2020-01-01T12:00:00.000Z
expect,oczekiwać,2020-01-01T12:00:00.000Z
expectation,oczekiwanie,2020-01-01T12:00:00.000Z
expensive,kosztowny,2020-01-01T12:00:00.000Z
experience,doświadczenie,2020-01-01T12:00:00.000Z
explain,wyjaśnić,2020-01-01T12:00:00.000Z
eye,oko,2020-01-01T12:00:00.000Z
eyebrow,brew,2020-01-01T12:00:00.000Z
eyebrows,brwi,2020-01-01T12:00:00.000Z
face,Twarz,2020-01-01T12:00:00.000Z
faint,słaby,2020-01-01T12:00:00.000Z
fairy,wróżka,2020-01-01T12:00:00.000Z
"fall down",upaść,2020-01-01T12:00:00.000Z
family,rodzina,2020-01-01T12:00:00.000Z
famous,sławny,2020-01-01T12:00:00.000Z
fan,wentylator,2020-01-01T12:00:00.000Z
far,daleko,2020-01-01T12:00:00.000Z
fart,pierdnięcie,2020-01-01T12:00:00.000Z
fast,szybki,2020-01-01T12:00:00.000Z
"fasten seatbelts","zapiąć pasy",2020-01-01T12:00:00.000Z
fat,tłuszcz,2020-01-01T12:00:00.000Z
father,ojciec,2020-01-01T12:00:00.000Z
feathers,pióra,2020-01-01T12:00:00.000Z
february,luty,2020-01-01T12:00:00.000Z
feel,czuć,2020-01-01T12:00:00.000Z
fell,spadł,2020-01-01T12:00:00.000Z
female,"Płeć żeńska",2020-01-01T12:00:00.000Z
fever,gorączka,2020-01-01T12:00:00.000Z
few,mało,2020-01-01T12:00:00.000Z
field,pole,2020-01-01T12:00:00.000Z
fill,napełnić,2020-01-01T12:00:00.000Z
find,odnaleźć,2020-01-01T12:00:00.000Z
"find out",odkryć,2020-01-01T12:00:00.000Z
finger,palec,2020-01-01T12:00:00.000Z
finish,koniec,2020-01-01T12:00:00.000Z
fire,ogień,2020-01-01T12:00:00.000Z
fireman,strażak,2020-01-01T12:00:00.000Z
fireplace,kominek,2020-01-01T12:00:00.000Z
first,pierwszy,2020-01-01T12:00:00.000Z
"first of all","po pierwsze",2020-01-01T12:00:00.000Z
fish,ryba,2020-01-01T12:00:00.000Z
fix,naprawić,2020-01-01T12:00:00.000Z
flat,mieszkanie,2020-01-01T12:00:00.000Z
"flat tire","przebita opona",2020-01-01T12:00:00.000Z
flew,latał,2020-01-01T12:00:00.000Z
floor,piętro,2020-01-01T12:00:00.000Z
flow,pływ,2020-01-01T12:00:00.000Z
flower,kwiat,2020-01-01T12:00:00.000Z
flu,grypa,2020-01-01T12:00:00.000Z
fly,latać,2020-01-01T12:00:00.000Z
follow,podążać,2020-01-01T12:00:00.000Z
for,dla,2020-01-01T12:00:00.000Z
"for (time)","od (czas)",2020-01-01T12:00:00.000Z
"for free","za darmo",2020-01-01T12:00:00.000Z
forbid,zakazać,2020-01-01T12:00:00.000Z
forbidden,zakazany,2020-01-01T12:00:00.000Z
force,siła,2020-01-01T12:00:00.000Z
forecast,prognoza,2020-01-01T12:00:00.000Z
forehead,czoło,2020-01-01T12:00:00.000Z
forest,las,2020-01-01T12:00:00.000Z
forget,zapomnieć,2020-01-01T12:00:00.000Z
forgive,Wybacz,2020-01-01T12:00:00.000Z
forgiveness,przebaczenie,2020-01-01T12:00:00.000Z
fork,widelec,2020-01-01T12:00:00.000Z
four,cztery,2020-01-01T12:00:00.000Z
freckles,piegi,2020-01-01T12:00:00.000Z
freezer,zamrażarka,2020-01-01T12:00:00.000Z
fresh,świeży,2020-01-01T12:00:00.000Z
friday,piątek,2020-01-01T12:00:00.000Z
fridge,lodówka,2020-01-01T12:00:00.000Z
from,z,2020-01-01T12:00:00.000Z
fuel,paliwo,2020-01-01T12:00:00.000Z
fulfil,spełnić,2020-01-01T12:00:00.000Z
full,pełny,2020-01-01T12:00:00.000Z
funny,zabawny,2020-01-01T12:00:00.000Z
furr,furra,2020-01-01T12:00:00.000Z
future,przyszłość,2020-01-01T12:00:00.000Z
gain,zdobyć,2020-01-01T12:00:00.000Z
games,Gry,2020-01-01T12:00:00.000Z
gardner,ogrodnik,2020-01-01T12:00:00.000Z
gather,zbierać,2020-01-01T12:00:00.000Z
gave,dał,2020-01-01T12:00:00.000Z
generally,ogólnie,2020-01-01T12:00:00.000Z
gently,łagodnie,2020-01-01T12:00:00.000Z
gesture,gest,2020-01-01T12:00:00.000Z
get,otrzymać,2020-01-01T12:00:00.000Z
"get better",lepiej,2020-01-01T12:00:00.000Z
"get dressed","ubrać się",2020-01-01T12:00:00.000Z
"get hurt","Zranić się",2020-01-01T12:00:00.000Z
"get married","wyjść za mąż",2020-01-01T12:00:00.000Z
"get rid of","pozbyć się",2020-01-01T12:00:00.000Z
"get worse",gorzej,2020-01-01T12:00:00.000Z
gifted,utalentowany,2020-01-01T12:00:00.000Z
girl,dziewczynka,2020-01-01T12:00:00.000Z
give,dać,2020-01-01T12:00:00.000Z
"give me","daj mi",2020-01-01T12:00:00.000Z
glass,szkło,2020-01-01T12:00:00.000Z
glasses,okulary,2020-01-01T12:00:00.000Z
gloves,rękawiczki,2020-01-01T12:00:00.000Z
glue,klej,2020-01-01T12:00:00.000Z
go,"udać się",2020-01-01T12:00:00.000Z
"go after","podążać za",2020-01-01T12:00:00.000Z
"go back",Wróć,2020-01-01T12:00:00.000Z
"go by car","jechać samochodem",2020-01-01T12:00:00.000Z
"go to sleep","idź spać",2020-01-01T12:00:00.000Z
goal,cel,2020-01-01T12:00:00.000Z
goat,Koza,2020-01-01T12:00:00.000Z
"going to do something","zamierzam coś zrobić",2020-01-01T12:00:00.000Z
good,dobrze,2020-01-01T12:00:00.000Z
"good looking",przystojny,2020-01-01T12:00:00.000Z
got,dostał,2020-01-01T12:00:00.000Z
grab,chwycić,2020-01-01T12:00:00.000Z
grades,klas,2020-01-01T12:00:00.000Z
grant,dotacja,2020-01-01T12:00:00.000Z
grease,smar,2020-01-01T12:00:00.000Z
great,wspaniały,2020-01-01T12:00:00.000Z
green,Zielony,2020-01-01T12:00:00.000Z
grey,szary,2020-01-01T12:00:00.000Z
grow,rosnąć,2020-01-01T12:00:00.000Z
"grow up",dorastać,2020-01-01T12:00:00.000Z
guard,strzec,2020-01-01T12:00:00.000Z
guess,odgadnąć,2020-01-01T12:00:00.000Z
guest,Gość,2020-01-01T12:00:00.000Z
gum,guma,2020-01-01T12:00:00.000Z
gun,pistolet,2020-01-01T12:00:00.000Z
had,miał,2020-01-01T12:00:00.000Z
hair,włosy,2020-01-01T12:00:00.000Z
half,pół,2020-01-01T12:00:00.000Z
hand,dłoń,2020-01-01T12:00:00.000Z
handsome,przystojny,2020-01-01T12:00:00.000Z
hang,powiesić,2020-01-01T12:00:00.000Z
hansome,hansome,2020-01-01T12:00:00.000Z
happen,zdarzyć,2020-01-01T12:00:00.000Z
happy,szczęśliwy,2020-01-01T12:00:00.000Z
hard,ciężko,2020-01-01T12:00:00.000Z
harves,żniwa,2020-01-01T12:00:00.000Z
harvest,żniwa,2020-01-01T12:00:00.000Z
hat,kapelusz,2020-01-01T12:00:00.000Z
hate,nienawidzić,2020-01-01T12:00:00.000Z
have,mieć,2020-01-01T12:00:00.000Z
"have to",musieć,2020-01-01T12:00:00.000Z
havoc,spustoszenie,2020-01-01T12:00:00.000Z
"he is ","on jest",2020-01-01T12:00:00.000Z
headache,"bół głowy",2020-01-01T12:00:00.000Z
heal,uzdrowić,2020-01-01T12:00:00.000Z
healthy,zdrowy,2020-01-01T12:00:00.000Z
heavy,ciężki,2020-01-01T12:00:00.000Z
hedgehog,jeż,2020-01-01T12:00:00.000Z
help,Wsparcie,2020-01-01T12:00:00.000Z
her,jej,2020-01-01T12:00:00.000Z
here,tutaj,2020-01-01T12:00:00.000Z
high,wysoki,2020-01-01T12:00:00.000Z
highway,Autostrada,2020-01-01T12:00:00.000Z
hill,wzgórze,2020-01-01T12:00:00.000Z
him,mu,2020-01-01T12:00:00.000Z
himeself,sam,2020-01-01T12:00:00.000Z
himself,"samego siebie",2020-01-01T12:00:00.000Z
hint,Wskazówka,2020-01-01T12:00:00.000Z
hippo,hipopotam,2020-01-01T12:00:00.000Z
his,jego,2020-01-01T12:00:00.000Z
history,historia,2020-01-01T12:00:00.000Z
hit,trafienie,2020-01-01T12:00:00.000Z
hold,trzymać,2020-01-01T12:00:00.000Z
hole,otwór,2020-01-01T12:00:00.000Z
homework,"zadanie domowe",2020-01-01T12:00:00.000Z
honestly,szczerze,2020-01-01T12:00:00.000Z
hope,nadzieja,2020-01-01T12:00:00.000Z
horizontal,poziomy,2020-01-01T12:00:00.000Z
hornet,szerszeń,2020-01-01T12:00:00.000Z
horrible,okropny,2020-01-01T12:00:00.000Z
hostile,wrogi,2020-01-01T12:00:00.000Z
hostility,wrogość,2020-01-01T12:00:00.000Z
hot,gorąco,2020-01-01T12:00:00.000Z
hour,godzina,2020-01-01T12:00:00.000Z
hover,"unosić się",2020-01-01T12:00:00.000Z
"how are you today?","Jak się dzisiaj miewasz?",2020-01-01T12:00:00.000Z
"how many",ile,2020-01-01T12:00:00.000Z
"how much does it cost","ile to kosztuje",2020-01-01T12:00:00.000Z
"how old are you","ile masz lat",2020-01-01T12:00:00.000Z
"how old are you?","ile masz lat?",2020-01-01T12:00:00.000Z
huge,olbrzymi,2020-01-01T12:00:00.000Z
hunger,głód,2020-01-01T12:00:00.000Z
hungry,głodny,2020-01-01T12:00:00.000Z
hunt,polowanie,2020-01-01T12:00:00.000Z
hurt,ból,2020-01-01T12:00:00.000Z
"i am",jestem,2020-01-01T12:00:00.000Z
"i am _ years old","mam lat",2020-01-01T12:00:00.000Z
"i brush teeth","myję zęby",2020-01-01T12:00:00.000Z
"i can _","mogę _",2020-01-01T12:00:00.000Z
"i can't _can _ _?","nie mogę _mogę_ _?",2020-01-01T12:00:00.000Z
"i dislike","nie lubię",2020-01-01T12:00:00.000Z
"i don't have _","nie mam _",2020-01-01T12:00:00.000Z
"i don't like _","nie lubię _",2020-01-01T12:00:00.000Z
"i have _","mam _",2020-01-01T12:00:00.000Z
"i like","podoba mi się",2020-01-01T12:00:00.000Z
"i like _","podoba mi się _",2020-01-01T12:00:00.000Z
"i live in _ on _ street","mieszkam w _ na _ ulicy",2020-01-01T12:00:00.000Z
"i want _","chcę _",2020-01-01T12:00:00.000Z
"i want to _","chcę _",2020-01-01T12:00:00.000Z
i'll,chory,2020-01-01T12:00:00.000Z
ice,lód,2020-01-01T12:00:00.000Z
ideal,ideał,2020-01-01T12:00:00.000Z
ill,chory,2020-01-01T12:00:00.000Z
immediately,natychmiast,2020-01-01T12:00:00.000Z
important,ważny,2020-01-01T12:00:00.000Z
impress,imponować,2021-06-02T18:21:20.576Z
impression,wrażenie,2020-01-01T12:00:00.000Z
in,w,2020-01-01T12:00:00.000Z
"in danger","w niebezpieczeństwie",2020-01-01T12:00:00.000Z
"in front of",przed,2020-01-01T12:00:00.000Z
"in general",ogólnie,2020-01-01T12:00:00.000Z
"in the future","w przyszłości",2020-01-01T12:00:00.000Z
"in the middle",pośrodku,2020-01-01T12:00:00.000Z
"in the morning",rankiem,2020-01-01T12:00:00.000Z
"in the sky","na niebie",2020-01-01T12:00:00.000Z
"in the world","na świecie",2020-01-01T12:00:00.000Z
include,zawierać,2020-01-01T12:00:00.000Z
income,dochód,2020-01-01T12:00:00.000Z
increase,zwiększać,2020-01-01T12:00:00.000Z
indeed,"w rzeczy samej",2020-01-01T12:00:00.000Z
independent,niezależny,2020-01-01T12:00:00.000Z
inevitable,nieunikniony,2020-01-01T12:00:00.000Z
ink,atrament,2020-01-01T12:00:00.000Z
inside,wewnątrz,2020-01-01T12:00:00.000Z
instead,zamiast,2020-01-01T12:00:00.000Z
interesting,ciekawy,2020-01-01T12:00:00.000Z
into,w,2020-01-01T12:00:00.000Z
introduce,przedstawiać,2020-01-01T12:00:00.000Z
invent,wymyślać,2020-01-01T12:00:00.000Z
invention,wynalazek,2020-01-01T12:00:00.000Z
"is it good idea","czy to dobry pomysł?",2020-01-01T12:00:00.000Z
"is on fire","pali się",2020-01-01T12:00:00.000Z
"it does not matter","nie ważne",2020-01-01T12:00:00.000Z
"it is ","to jest",2020-01-01T12:00:00.000Z
"it is _ o'clock","jest _ godzina",2020-01-01T12:00:00.000Z
"it is impossible","to jest niemożliwe",2020-01-01T12:00:00.000Z
"it is possible","to jest możliwe",2020-01-01T12:00:00.000Z
"it is raining","pada deszcz",2020-01-01T12:00:00.000Z
"it is snowing","pada śnieg",2020-01-01T12:00:00.000Z
"it is windy","jest wietrznie",2020-01-01T12:00:00.000Z
itch,swędzenie,2020-01-01T12:00:00.000Z
"its kind of bad","to rodzaj złego",2020-01-01T12:00:00.000Z
jack,Jacek,2020-01-01T12:00:00.000Z
january,styczeń,2020-01-01T12:00:00.000Z
job,praca,2020-01-01T12:00:00.000Z
joke,żart,2020-01-01T12:00:00.000Z
juice,sok,2020-01-01T12:00:00.000Z
july,lipiec,2020-01-01T12:00:00.000Z
june,czerwiec,2020-01-01T12:00:00.000Z
just,właśnie,2020-01-01T12:00:00.000Z
keep,trzymać,2020-01-01T12:00:00.000Z
kick,kopnięcie,2020-01-01T12:00:00.000Z
kill,zabić,2020-01-01T12:00:00.000Z
"killer whale",orka,2020-01-01T12:00:00.000Z
kind,uprzejmy,2020-01-01T12:00:00.000Z
"kind of",rodzaj,2020-01-01T12:00:00.000Z
kindergarden,przedszkole,2020-01-01T12:00:00.000Z
king,król,2020-01-01T12:00:00.000Z
kitchen,kuchnia,2020-01-01T12:00:00.000Z
knee,kolano,2020-01-01T12:00:00.000Z
knew,wiedział,2020-01-01T12:00:00.000Z
knife,nóż,2020-01-01T12:00:00.000Z
knight,rycerz,2020-01-01T12:00:00.000Z
know,wiedzieć,2020-01-01T12:00:00.000Z
label,etykieta,2020-01-01T12:00:00.000Z
ladder,drabina,2020-01-01T12:00:00.000Z
lake,jezioro,2020-01-01T12:00:00.000Z
large,duży,2020-01-01T12:00:00.000Z
late,późno,2020-01-01T12:00:00.000Z
later,później,2020-01-01T12:00:00.000Z
"laugh at","śmiać się z",2020-01-01T12:00:00.000Z
law,prawo,2020-01-01T12:00:00.000Z
layer,warstwa,2020-01-01T12:00:00.000Z
lazy,leniwy,2020-01-01T12:00:00.000Z
learn,"uczyć się",2020-01-01T12:00:00.000Z
leave,wychodzić,2020-01-01T12:00:00.000Z
left,lewo,2020-01-01T12:00:00.000Z
leg,noga,2020-01-01T12:00:00.000Z
lend,wypożyczać,2020-01-01T12:00:00.000Z
less,mniej,2020-01-01T12:00:00.000Z
"less _ than","mniej niż",2020-01-01T12:00:00.000Z
lesson,lekcja,2020-01-01T12:00:00.000Z
"let me guess","niech zgadnę",2020-01-01T12:00:00.000Z
"let the cat in","wpuść kota",2020-01-01T12:00:00.000Z
"let the cat out","wypuść kota",2020-01-01T12:00:00.000Z
let's,chodźmy,2020-01-01T12:00:00.000Z
"lets jump right into it","wskoczmy w to",2020-01-01T12:00:00.000Z
letter,list,2020-01-01T12:00:00.000Z
liar,kłamca,2020-01-01T12:00:00.000Z
library,biblioteka,2020-01-01T12:00:00.000Z
license,licencja,2020-01-01T12:00:00.000Z
lie,kłamstwo,2020-01-01T12:00:00.000Z
life,życie,2020-01-01T12:00:00.000Z
lift,winda,2020-01-01T12:00:00.000Z
light,lekki,2020-01-01T12:00:00.000Z
"light bulb",żarówka,2020-01-01T12:00:00.000Z
lights,światła,2020-01-01T12:00:00.000Z
limit,limit,2020-01-01T12:00:00.000Z
lips,usta,2020-01-01T12:00:00.000Z
list,lista,2020-01-01T12:00:00.000Z
"listen to",słuchać,2020-01-01T12:00:00.000Z
little,mało,2020-01-01T12:00:00.000Z
live,"relacja na żywo",2020-01-01T12:00:00.000Z
"living room",salon,2020-01-01T12:00:00.000Z
lollipop,lizak,2020-01-01T12:00:00.000Z
long,długo,2020-01-01T12:00:00.000Z
"look after","opiekować się",2020-01-01T12:00:00.000Z
"look at","patrzeć na",2020-01-01T12:00:00.000Z
"look for",szukać,2020-01-01T12:00:00.000Z
"look like","wygląda jak",2020-01-01T12:00:00.000Z
lose,stracić,2020-01-01T12:00:00.000Z
loud,głośny,2020-01-01T12:00:00.000Z
loundry,pranie,2020-01-01T12:00:00.000Z
love,miłość,2020-01-01T12:00:00.000Z
low,Niska,2020-01-01T12:00:00.000Z
loyal,wierny,2020-01-01T12:00:00.000Z
ma,mama,2020-01-01T12:00:00.000Z
magician,magik,2020-01-01T12:00:00.000Z
magnet,magnes,2020-01-01T12:00:00.000Z
main,Główny,2020-01-01T12:00:00.000Z
make,Marka,2020-01-01T12:00:00.000Z
"make arrangement","zrobić aranżację",2020-01-01T12:00:00.000Z
"make sure","Upewnić się",2020-01-01T12:00:00.000Z
male,męski,2020-01-01T12:00:00.000Z
man,człowiek,2020-01-01T12:00:00.000Z
manage,zarządzać,2020-01-01T12:00:00.000Z
mandatory,obowiązkowy,2020-01-01T12:00:00.000Z
many,wiele,2020-01-01T12:00:00.000Z
march,Marsz,2020-01-01T12:00:00.000Z
mark,znak,2020-01-01T12:00:00.000Z
mass,masa,2020-01-01T12:00:00.000Z
master,mistrz,2020-01-01T12:00:00.000Z
math,matematyka,2020-01-01T12:00:00.000Z
may,może,2020-01-01T12:00:00.000Z
maybe,może,2020-01-01T12:00:00.000Z
meal,posiłek,2020-01-01T12:00:00.000Z
measure,pomiar,2020-01-01T12:00:00.000Z
meat,mięso,2020-01-01T12:00:00.000Z
medicine,lekarstwo,2020-01-01T12:00:00.000Z
medium,średni,2020-01-01T12:00:00.000Z
meet,"spotykać się",2020-01-01T12:00:00.000Z
meeting,spotkanie,2020-01-01T12:00:00.000Z
melt,topnieć,2020-01-01T12:00:00.000Z
member,członek,2020-01-01T12:00:00.000Z
men,mężczyźni,2020-01-01T12:00:00.000Z
merge,łączyć,2020-01-01T12:00:00.000Z
message,wiadomość,2020-01-01T12:00:00.000Z
mice,myszy,2020-01-01T12:00:00.000Z
midnight,północ,2020-01-01T12:00:00.000Z
military,wojskowy,2020-01-01T12:00:00.000Z
minute,minuta,2020-01-01T12:00:00.000Z
mirror,lustro,2020-01-01T12:00:00.000Z
monday,poniedziałek,2020-01-01T12:00:00.000Z
money,pieniądze,2020-01-01T12:00:00.000Z
month,miesiąc,2020-01-01T12:00:00.000Z
moon,księżyc,2020-01-01T12:00:00.000Z
more,jeszcze,2020-01-01T12:00:00.000Z
"more _ than","więcej niż",2020-01-01T12:00:00.000Z
"more expensive",droższe,2020-01-01T12:00:00.000Z
mother,matka,2020-01-01T12:00:00.000Z
mountain,Góra,2020-01-01T12:00:00.000Z
mouse,mysz,2020-01-01T12:00:00.000Z
moustache,wąsy,2020-01-01T12:00:00.000Z
move,"ruszaj się",2020-01-01T12:00:00.000Z
movie,film,2020-01-01T12:00:00.000Z
much,dużo,2020-01-01T12:00:00.000Z
"much more","wiele więcej",2020-01-01T12:00:00.000Z
multiplayer,multiplayer,2020-01-01T12:00:00.000Z
multiplier,mnożnik,2020-01-01T12:00:00.000Z
multiply,zwielokrotniać,2020-01-01T12:00:00.000Z
musician,muzyk,2020-01-01T12:00:00.000Z
"my favourite _ is _","mój ulubiony to _",2020-01-01T12:00:00.000Z
myself,siebie,2020-01-01T12:00:00.000Z
nail,gwóźdź,2020-01-01T12:00:00.000Z
narrow,wąski,2020-01-01T12:00:00.000Z
navy,"marynarka wojenna",2020-01-01T12:00:00.000Z
near,Blisko,2020-01-01T12:00:00.000Z
neck,szyja,2020-01-01T12:00:00.000Z
need,potrzeba,2020-01-01T12:00:00.000Z
needle,igła,2020-01-01T12:00:00.000Z
neighbour,sąsiad,2020-01-01T12:00:00.000Z
never,nigdy,2020-01-01T12:00:00.000Z
new,Nowy,2020-01-01T12:00:00.000Z
newspaper,Gazeta,2020-01-01T12:00:00.000Z
next,Kolejny,2020-01-01T12:00:00.000Z
"next to",obok,2020-01-01T12:00:00.000Z
nice,miły,2020-01-01T12:00:00.000Z
night,noc,2020-01-01T12:00:00.000Z
nobody,nikt,2020-01-01T12:00:00.000Z
noise,hałas,2020-01-01T12:00:00.000Z
noone,nikt,2020-01-01T12:00:00.000Z
north,północ,2020-01-01T12:00:00.000Z
"north pole","biegun północny",2020-01-01T12:00:00.000Z
nose,nos,2020-01-01T12:00:00.000Z
nothing,nic,2020-01-01T12:00:00.000Z
november,listopad,2020-01-01T12:00:00.000Z
now,teraz,2020-01-01T12:00:00.000Z
nucelar,jądrowy,2020-01-01T12:00:00.000Z
nuclear,jądrowy,2020-01-01T12:00:00.000Z
number,numer,2020-01-01T12:00:00.000Z
obtain,uzyskać,2020-01-01T12:00:00.000Z
occupation,zawód,2020-01-01T12:00:00.000Z
ocean,ocean,2020-01-01T12:00:00.000Z
october,październik,2020-01-01T12:00:00.000Z
"of course",oczywiście,2020-01-01T12:00:00.000Z
off,poza,2020-01-01T12:00:00.000Z
often,często,2020-01-01T12:00:00.000Z
on,na,2020-01-01T12:00:00.000Z
"on the left","po lewej",2020-01-01T12:00:00.000Z
"on the right","po prawej",2020-01-01T12:00:00.000Z
once,"pewnego razu",2020-01-01T12:00:00.000Z
"one month ago","miesiąc temu",2020-01-01T12:00:00.000Z
"one more time","jeszcze raz",2020-01-01T12:00:00.000Z
onion,cebula,2020-01-01T12:00:00.000Z
only,tylko,2020-01-01T12:00:00.000Z
open,otwarty,2020-01-01T12:00:00.000Z
opportunity,okazja,2020-01-01T12:00:00.000Z
"opposite to","przeciwny do",2020-01-01T12:00:00.000Z
orange,Pomarańczowy,2020-01-01T12:00:00.000Z
ordinary,zwyczajny,2020-01-01T12:00:00.000Z
other,inny,2020-01-01T12:00:00.000Z
our,nasz,2020-01-01T12:00:00.000Z
outdoors,"na dworze",2020-01-01T12:00:00.000Z
outsmart,przechytrzyć,2020-01-01T12:00:00.000Z
over,nad,2020-01-01T12:00:00.000Z
paddle,wiosłować,2020-01-01T12:00:00.000Z
padle,wiosło,2020-01-01T12:00:00.000Z
page,strona,2020-01-01T12:00:00.000Z
pain,ból,2020-01-01T12:00:00.000Z
painful,bolesny,2020-01-01T12:00:00.000Z
painter,malarz,2020-01-01T12:00:00.000Z
palm,Palma,2020-01-01T12:00:00.000Z
pancake,naleśnik,2020-01-01T12:00:00.000Z
pants,Spodnie,2020-01-01T12:00:00.000Z
paper,papier,2020-01-01T12:00:00.000Z
parents,rodzice,2020-01-01T12:00:00.000Z
part,część,2020-01-01T12:00:00.000Z
particle,cząstka,2020-01-01T12:00:00.000Z
pass,przechodzić,2020-01-01T12:00:00.000Z
passage,przejście,2020-01-01T12:00:00.000Z
passenger,pasażer,2020-01-01T12:00:00.000Z
past,przeszłość,2020-01-01T12:00:00.000Z
patience,cierpliwość,2020-01-01T12:00:00.000Z
patient,cierpliwy,2020-01-01T12:00:00.000Z
paw,łapa,2020-01-01T12:00:00.000Z
pawn,pionek,2020-01-01T12:00:00.000Z
pay,zapłacić,2020-01-01T12:00:00.000Z
pee,"robić siku",2020-01-01T12:00:00.000Z
pen,długopis,2020-01-01T12:00:00.000Z
penalty,"rzut karny",2020-01-01T12:00:00.000Z
pencil,ołówek,2020-01-01T12:00:00.000Z
pencilcase,piórnik,2020-01-01T12:00:00.000Z
people,ludzie,2020-01-01T12:00:00.000Z
pepper,pieprz,2020-01-01T12:00:00.000Z
perhaps,"być może",2020-01-01T12:00:00.000Z
period,Kropka,2020-01-01T12:00:00.000Z
permit,pozwolić,2020-01-01T12:00:00.000Z
person,osoba,2020-01-01T12:00:00.000Z
pet,"zwierzę domowe",2020-01-01T12:00:00.000Z
petrol,benzyna,2020-01-01T12:00:00.000Z
petting,pieszczoty,2020-01-01T12:00:00.000Z
"pick up",odebrać,2020-01-01T12:00:00.000Z
picture,obrazek,2020-01-01T12:00:00.000Z
piece,kawałek,2020-01-01T12:00:00.000Z
"piece of something","kawałek czegoś",2020-01-01T12:00:00.000Z
pillow,poduszka,2020-01-01T12:00:00.000Z
pinch,szczypta,2020-01-01T12:00:00.000Z
pink,różowy,2020-01-01T12:00:00.000Z
place,miejsce,2020-01-01T12:00:00.000Z
"planet earth","planeta Ziemia",2020-01-01T12:00:00.000Z
planting,sadzenie,2020-01-01T12:00:00.000Z
plate,płyta,2020-01-01T12:00:00.000Z
"play cards","grać w karty",2020-01-01T12:00:00.000Z
"play games","grać w gry",2020-01-01T12:00:00.000Z
"play piano","grać na pianinie",2020-01-01T12:00:00.000Z
pleasant,przyjemne,2020-01-01T12:00:00.000Z
please,Proszę,2020-01-01T12:00:00.000Z
plural,"Liczba mnoga",2020-01-01T12:00:00.000Z
pocket,kieszeń,2020-01-01T12:00:00.000Z
poem,wiersz,2020-01-01T12:00:00.000Z
"point finger","Palec wskazujący",2020-01-01T12:00:00.000Z
polarity,biegunowość,2020-01-01T12:00:00.000Z
polished,błyszczący,2020-01-01T12:00:00.000Z
portable,przenośny,2020-01-01T12:00:00.000Z
pour,wlać,2020-01-01T12:00:00.000Z
powerful,potężny,2020-01-01T12:00:00.000Z
precious,cenny,2020-01-01T12:00:00.000Z
prefer,woleć,2020-01-01T12:00:00.000Z
prepare,przygotować,2020-01-01T12:00:00.000Z
pretty,ładny,2020-01-01T12:00:00.000Z
previous,poprzedni,2020-01-01T12:00:00.000Z
priest,kapłan,2020-01-01T12:00:00.000Z
prisoner,więzień,2020-01-01T12:00:00.000Z
private,prywatny,2020-01-01T12:00:00.000Z
probably,prawdopodobnie,2020-01-01T12:00:00.000Z
problem,problem,2020-01-01T12:00:00.000Z
proficiency,biegłość,2020-01-01T12:00:00.000Z
proof,dowód,2020-01-01T12:00:00.000Z
propel,napędzać,2020-01-01T12:00:00.000Z
prove,"okazać się",2020-01-01T12:00:00.000Z
pull,Ciągnąć,2020-01-01T12:00:00.000Z
"pull off",ściągać,2020-01-01T12:00:00.000Z
"pull ups",podciąganie,2020-01-01T12:00:00.000Z
punch,stempel,2020-01-01T12:00:00.000Z
push,Pchać,2020-01-01T12:00:00.000Z
"push ups",pompki,2020-01-01T12:00:00.000Z
put,położyć,2020-01-01T12:00:00.000Z
"put back","położyć z powrotem",2020-01-01T12:00:00.000Z
quality,jakość,2020-01-01T12:00:00.000Z
queen,królowa,2020-01-01T12:00:00.000Z
question,pytanie,2020-01-01T12:00:00.000Z
quiet,cichy,2020-01-01T12:00:00.000Z
race,wyścigi,2020-01-01T12:00:00.000Z
"racing driver","kierowca rajdowy",2020-01-01T12:00:00.000Z
radiosignal,"sygnał radiowy",2020-01-01T12:00:00.000Z
raincoat,"płaszcz przeciwdeszczowy",2020-01-01T12:00:00.000Z
raliability,niezawodność,2020-01-01T12:00:00.000Z
ransom,okup,2020-01-01T12:00:00.000Z
rare,"rzadko spotykany",2020-01-01T12:00:00.000Z
rat,szczur,2020-01-01T12:00:00.000Z
read,czytać,2020-01-01T12:00:00.000Z
real,real,2020-01-01T12:00:00.000Z
realiable,realny,2020-01-01T12:00:00.000Z
really,naprawdę,2020-01-01T12:00:00.000Z
reason,powód,2020-01-01T12:00:00.000Z
recognition,uznanie,2020-01-01T12:00:00.000Z
recognize,rozpoznać,2020-01-01T12:00:00.000Z
rectangle,prostokąt,2020-01-01T12:00:00.000Z
red,czerwony,2020-01-01T12:00:00.000Z
reduce,zmniejszyć,2020-01-01T12:00:00.000Z
regular,regularny,2020-01-01T12:00:00.000Z
remember,Zapamiętaj,2020-01-01T12:00:00.000Z
remind,przypomnieć,2020-01-01T12:00:00.000Z
remote,zdalny,2020-01-01T12:00:00.000Z
remotely,zdalnie,2020-01-01T12:00:00.000Z
remove,usunąć,2020-01-01T12:00:00.000Z
renew,odnowić,2020-01-01T12:00:00.000Z
"renewal energy","energia odnowy",2020-01-01T12:00:00.000Z
renovation,renowacja,2020-01-01T12:00:00.000Z
rent,wynajem,2020-01-01T12:00:00.000Z
repeat,powtarzać,2020-01-01T12:00:00.000Z
repell,odpychać,2020-01-01T12:00:00.000Z
replace,zastąpić,2020-01-01T12:00:00.000Z
required,wymagany,2020-01-01T12:00:00.000Z
requirement,wymaganie,2020-01-01T12:00:00.000Z
rescuer,ratownik,2020-01-01T12:00:00.000Z
resource,ratunek,2020-01-01T12:00:00.000Z
return,powrót,2020-01-01T12:00:00.000Z
rhino,nosorożec,2020-01-01T12:00:00.000Z
rich,bogaty,2020-01-01T12:00:00.000Z
right,dobrze,2020-01-01T12:00:00.000Z
ringtone,dzwonek,2020-01-01T12:00:00.000Z
river,rzeka,2020-01-01T12:00:00.000Z
"robert's room","pokój Roberta",2020-01-01T12:00:00.000Z
rock,skała,2020-01-01T12:00:00.000Z
rook,wieża,2020-01-01T12:00:00.000Z
room,Pokój,2020-01-01T12:00:00.000Z
round,okrągły,2020-01-01T12:00:00.000Z
row,rząd,2020-01-01T12:00:00.000Z
rude,niegrzeczny,2020-01-01T12:00:00.000Z
rule,reguła,2020-01-01T12:00:00.000Z
ruler,linijka,2020-01-01T12:00:00.000Z
rummaging,grzebienie,2020-01-01T12:00:00.000Z
run,biegać,2020-01-01T12:00:00.000Z
sad,smutny,2020-01-01T12:00:00.000Z
safe,bezpieczny,2020-01-01T12:00:00.000Z
sail,żagiel,2020-01-01T12:00:00.000Z
sails,żagle,2020-01-01T12:00:00.000Z
salt,Sól,2020-01-01T12:00:00.000Z
same,podobnie,2020-01-01T12:00:00.000Z
sand,piasek,2020-01-01T12:00:00.000Z
sandwich,kanapka,2020-01-01T12:00:00.000Z
saturday,sobota,2020-01-01T12:00:00.000Z
save,zapisać,2020-01-01T12:00:00.000Z
saw,widział,2020-01-01T12:00:00.000Z
say,mówić,2020-01-01T12:00:00.000Z
scales,waga,2020-01-01T12:00:00.000Z
scared,przestraszony,2020-01-01T12:00:00.000Z
schedule,harmonogram,2020-01-01T12:00:00.000Z
science,nauka,2020-01-01T12:00:00.000Z
"scoop up",zebrać,2020-01-01T12:00:00.000Z
score,wynik,2020-01-01T12:00:00.000Z
scream,krzyk,2020-01-01T12:00:00.000Z
"scrumbled eggs",jajecznica,2020-01-01T12:00:00.000Z
sea,morze,2020-01-01T12:00:00.000Z
search,Szukaj,2020-01-01T12:00:00.000Z
second,druga,2020-01-01T12:00:00.000Z
see,widzieć,2020-01-01T12:00:00.000Z
seldom,rzadko,2020-01-01T12:00:00.000Z
"self defence",Samoobrona,2020-01-01T12:00:00.000Z
sell,Sprzedać,2020-01-01T12:00:00.000Z
sensible,rozsądny,2020-01-01T12:00:00.000Z
separate,oddzielny,2020-01-01T12:00:00.000Z
september,wrzesień,2020-01-01T12:00:00.000Z
serious,poważny,2020-01-01T12:00:00.000Z
shampoo,szampon,2020-01-01T12:00:00.000Z
shape,kształt,2020-01-01T12:00:00.000Z
sharp,ostry,2020-01-01T12:00:00.000Z
"she is",jest,2020-01-01T12:00:00.000Z
shelve,"odłożyć na półkę",2020-01-01T12:00:00.000Z
shine,połysk,2020-01-01T12:00:00.000Z
shirt,koszula,2020-01-01T12:00:00.000Z
shoes,buty,2020-01-01T12:00:00.000Z
shoot,strzelać,2020-01-01T12:00:00.000Z
shop,sklep,2020-01-01T12:00:00.000Z
shore,Wybrzeże,2020-01-01T12:00:00.000Z
short,krótki,2020-01-01T12:00:00.000Z
should,powinien,2020-01-01T12:00:00.000Z
shout,krzyczeć,2020-01-01T12:00:00.000Z
show,pokazać,2020-01-01T12:00:00.000Z
shower,prysznic,2020-01-01T12:00:00.000Z
shrimp,Krewetka,2020-01-01T12:00:00.000Z
shrink,"kurczyć się",2020-01-01T12:00:00.000Z
shy,nieśmiały,2020-01-01T12:00:00.000Z
sick,chory,2020-01-01T12:00:00.000Z
sickness,choroba,2020-01-01T12:00:00.000Z
side,bok,2020-01-01T12:00:00.000Z
sight,widok,2020-01-01T12:00:00.000Z
sign,znak,2020-01-01T12:00:00.000Z
signature,podpis,2020-01-01T12:00:00.000Z
silence,cisza,2020-01-01T12:00:00.000Z
silent,cichy,2020-01-01T12:00:00.000Z
similar,podobny,2020-01-01T12:00:00.000Z
simple,prosty,2020-01-01T12:00:00.000Z
simply,"po prostu",2020-01-01T12:00:00.000Z
sin,grzech,2020-01-01T12:00:00.000Z
since,od,2020-01-01T12:00:00.000Z
sing,śpiewać,2020-01-01T12:00:00.000Z
single,pojedynczy,2020-01-01T12:00:00.000Z
sink,tonąć,2020-01-01T12:00:00.000Z
sister,siostra,2020-01-01T12:00:00.000Z
sit,siedzieć,2020-01-01T12:00:00.000Z
"sit on","usiąść na",2020-01-01T12:00:00.000Z
"sit ups",siadać!,2020-01-01T12:00:00.000Z
skin,skóra,2020-01-01T12:00:00.000Z
sky,niebo,2020-01-01T12:00:00.000Z
slave,niewolnik,2020-01-01T12:00:00.000Z
sleep,sen,2020-01-01T12:00:00.000Z
sleepy,senny,2020-01-01T12:00:00.000Z
sleeve,rękaw,2020-01-01T12:00:00.000Z
slide,"ślizgać się",2020-01-01T12:00:00.000Z
slim,szczupły,2020-01-01T12:00:00.000Z
slip,poślizg,2020-01-01T12:00:00.000Z
slippers,kapcie,2020-01-01T12:00:00.000Z
slippery,śliski,2020-01-01T12:00:00.000Z
slow,powolny,2020-01-01T12:00:00.000Z
small,mały,2020-01-01T12:00:00.000Z
smaller,mniejszy,2020-01-01T12:00:00.000Z
smart,mądry,2020-01-01T12:00:00.000Z
smile,"Uśmiechnij się",2020-01-01T12:00:00.000Z
smooth,gładki,2020-01-01T12:00:00.000Z
snail,ślimak,2020-01-01T12:00:00.000Z
snow,śnieg,2020-01-01T12:00:00.000Z
so,więc,2020-01-01T12:00:00.000Z
soft,miękki,2020-01-01T12:00:00.000Z
soldier,żołnierz,2020-01-01T12:00:00.000Z
solve,rozwiązać,2020-01-01T12:00:00.000Z
some,trochę,2020-01-01T12:00:00.000Z
somebody,ktoś,2020-01-01T12:00:00.000Z
someone,ktoś,2020-01-01T12:00:00.000Z
something,coś,2020-01-01T12:00:00.000Z
somewhere,gdzieś,2020-01-01T12:00:00.000Z
son,syn,2020-01-01T12:00:00.000Z
song,piosenka,2020-01-01T12:00:00.000Z
soon,wkrótce,2020-01-01T12:00:00.000Z
sound,dźwięk,2020-01-01T12:00:00.000Z
source,źródło,2020-01-01T12:00:00.000Z
south,południe,2020-01-01T12:00:00.000Z
spades,pik,2020-01-01T12:00:00.000Z
speaker,głośnik,2020-01-01T12:00:00.000Z
speech,przemówienie,2020-01-01T12:00:00.000Z
spell,zaklęcie,2020-01-01T12:00:00.000Z
spicy,Pikantny,2020-01-01T12:00:00.000Z
spider,pająk,2020-01-01T12:00:00.000Z
spike,kolec,2020-01-01T12:00:00.000Z
spill,rozlanie,2020-01-01T12:00:00.000Z
spoon,łyżka,2020-01-01T12:00:00.000Z
spread,rozpiętość,2020-01-01T12:00:00.000Z
square,kwadrat,2020-01-01T12:00:00.000Z
squat,kucać,2020-01-01T12:00:00.000Z
squeeze,ściskać,2020-01-01T12:00:00.000Z
stairs,schody,2020-01-01T12:00:00.000Z
stand,stoisko,2020-01-01T12:00:00.000Z
standalone,samodzielny,2020-01-01T12:00:00.000Z
stay,zostać,2020-01-01T12:00:00.000Z
steam,parowy,2020-01-01T12:00:00.000Z
"steering wheel",kierownica,2020-01-01T12:00:00.000Z
stick,kij,2020-01-01T12:00:00.000Z
still,nadal,2020-01-01T12:00:00.000Z
sting,Żądło,2020-01-01T12:00:00.000Z
stone,złóg,2020-01-01T12:00:00.000Z
storm,burza,2020-01-01T12:00:00.000Z
strange,dziwne,2020-01-01T12:00:00.000Z
straw,słoma,2020-01-01T12:00:00.000Z
strawberry,truskawka,2020-01-01T12:00:00.000Z
strike,strajk,2020-01-01T12:00:00.000Z
strong,silny,2020-01-01T12:00:00.000Z
student,student,2020-01-01T12:00:00.000Z
study,nauka,2020-01-01T12:00:00.000Z
submarine,"Łódź podwodna",2020-01-01T12:00:00.000Z
submerge,zanurzać,2020-01-01T12:00:00.000Z
such,taki,2020-01-01T12:00:00.000Z
"such as","Jak na przykład",2020-01-01T12:00:00.000Z
sugar,cukier,2020-01-01T12:00:00.000Z
sun,słońce,2020-01-01T12:00:00.000Z
sunday,niedziela,2020-01-01T12:00:00.000Z
supper,kolacja,2020-01-01T12:00:00.000Z
sure,pewnie,2020-01-01T12:00:00.000Z
surface,powierzchnia,2020-01-01T12:00:00.000Z
surprised,zaskoczony,2020-01-01T12:00:00.000Z
surprized,zaskoczony,2020-01-01T12:00:00.000Z
swallow,Łyk,2020-01-01T12:00:00.000Z
swam,pływałem,2020-01-01T12:00:00.000Z
swap,zamiana,2020-01-01T12:00:00.000Z
sweat,"pocić się",2020-01-01T12:00:00.000Z
swim,pływać,2020-01-01T12:00:00.000Z
switch,przełącznik,2020-01-01T12:00:00.000Z
take,brać,2020-01-01T12:00:00.000Z
"take picture","Zrób zdjęcie",2020-01-01T12:00:00.000Z
tall,wysoki,2020-01-01T12:00:00.000Z
taller,wyższy,2020-01-01T12:00:00.000Z
tank,czołg,2020-01-01T12:00:00.000Z
tap,kran,2020-01-01T12:00:00.000Z
target,cel,2020-01-01T12:00:00.000Z
task,zadanie,2020-01-01T12:00:00.000Z
taste,smak,2020-01-01T12:00:00.000Z
team,zespół,2020-01-01T12:00:00.000Z
tell,powiedzieć,2020-01-01T12:00:00.000Z
temperature,temperatura,2020-01-01T12:00:00.000Z
terrified,przerażony,2020-01-01T12:00:00.000Z
that,że,2020-01-01T12:00:00.000Z
"the __ the __","__ __",2020-01-01T12:00:00.000Z
"the bigger the stronger","im większy tym silniejszy",2020-01-01T12:00:00.000Z
"the last",ostatni,2020-01-01T12:00:00.000Z
"the least",najmniej,2020-01-01T12:00:00.000Z
"the most",najbardziej,2020-01-01T12:00:00.000Z
"the same","to samo",2020-01-01T12:00:00.000Z
"the tallest",najwyższy,2020-01-01T12:00:00.000Z
"the worst",najgorsze,2020-01-01T12:00:00.000Z
their,ich,2020-01-01T12:00:00.000Z
there,tam,2020-01-01T12:00:00.000Z
"there are many ways to do this","Istnieje wiele sposobów, aby to zrobić",2020-01-01T12:00:00.000Z
"they are","oni są",2020-01-01T12:00:00.000Z
thick,gruby,2020-01-01T12:00:00.000Z
thief,złodziej,2020-01-01T12:00:00.000Z
thieves,złodzieje,2020-01-01T12:00:00.000Z
thin,chudy,2020-01-01T12:00:00.000Z
thing,rzecz,2020-01-01T12:00:00.000Z
think,myśleć,2020-01-01T12:00:00.000Z
third,trzeci,2020-01-01T12:00:00.000Z
this,to,2020-01-01T12:00:00.000Z
thought,myśl,2020-01-01T12:00:00.000Z
threat,zagrożenie,2020-01-01T12:00:00.000Z
"threaten someone","grozić komuś",2020-01-01T12:00:00.000Z
through,przez,2020-01-01T12:00:00.000Z
throughout,poprzez,2020-01-01T12:00:00.000Z
throw,rzucać,2020-01-01T12:00:00.000Z
thunder,grzmot,2020-01-01T12:00:00.000Z
thursday,czwartek,2020-01-01T12:00:00.000Z
tick,kleszcz,2020-01-01T12:00:00.000Z
ticket,bilet,2020-01-01T12:00:00.000Z
time,czas,2020-01-01T12:00:00.000Z
tiny,malutki,2020-01-01T12:00:00.000Z
tire,opona,2020-01-01T12:00:00.000Z
tired,zmęczony,2020-01-01T12:00:00.000Z
title,tytuł,2020-01-01T12:00:00.000Z
to,do,2020-01-01T12:00:00.000Z
"to be afraid of","bać się czegoś",2020-01-01T12:00:00.000Z
"to be doing something","robić coś",2020-01-01T12:00:00.000Z
"to be familiar with","być zaznajomionym z",2020-01-01T12:00:00.000Z
"to be famous for","być sławnym",2020-01-01T12:00:00.000Z
"to be in trouble","mieć kłopoty",2020-01-01T12:00:00.000Z
"to be right","mieć rację",2020-01-01T12:00:00.000Z
"to be sick","być chorym",2020-01-01T12:00:00.000Z
"to be wrong","mylić się",2020-01-01T12:00:00.000Z
"to depend on","polegać na",2020-01-01T12:00:00.000Z
"to do something","zrobić coś",2020-01-01T12:00:00.000Z
"to get hungry","być głodnym",2020-01-01T12:00:00.000Z
"to get hurt","zranić się",2020-01-01T12:00:00.000Z
"to get somewhere","dostać się gdzieś",2020-01-01T12:00:00.000Z
"to issue","do wydania",2020-01-01T12:00:00.000Z
"to lose consciousness","stracić przytomność",2020-01-01T12:00:00.000Z
"to make sound","wydawać dźwięk",2020-01-01T12:00:00.000Z
"to mean something","żeby coś znaczyć",2020-01-01T12:00:00.000Z
"to pay for","płacić za",2020-01-01T12:00:00.000Z
today,dzisiaj,2020-01-01T12:00:00.000Z
tomorrow,jutro,2020-01-01T12:00:00.000Z
tongue,język,2020-01-01T12:00:00.000Z
too,także,2020-01-01T12:00:00.000Z
took,wzięła,2020-01-01T12:00:00.000Z
tool,narzędzie,2020-01-01T12:00:00.000Z
tooth,ząb,2020-01-01T12:00:00.000Z
top,Top,2020-01-01T12:00:00.000Z
towel,ręcznik,2020-01-01T12:00:00.000Z
tower,wieża,2020-01-01T12:00:00.000Z
toy,zabawka,2020-01-01T12:00:00.000Z
transport,transport,2020-01-01T12:00:00.000Z
travel,podróżować,2020-01-01T12:00:00.000Z
trigger,cyngiel,2020-01-01T12:00:00.000Z
tripple,potrójny,2020-01-01T12:00:00.000Z
trouble,kłopot,2020-01-01T12:00:00.000Z
trousers,spodnie,2020-01-01T12:00:00.000Z
true,prawdziwe,2020-01-01T12:00:00.000Z
try,próbować,2020-01-01T12:00:00.000Z
tuck,podwinąć,2020-01-01T12:00:00.000Z
tuesday,wtorek,2020-01-01T12:00:00.000Z
turn,skręcać,2020-01-01T12:00:00.000Z
"turn down",Wyłącz,2020-01-01T12:00:00.000Z
"turn into","zmienić się w",2020-01-01T12:00:00.000Z
"turn off",wyłączyć,2020-01-01T12:00:00.000Z
"turn on",włączyć,2020-01-01T12:00:00.000Z
"turn up","zjawiać się",2020-01-01T12:00:00.000Z
tv,telewizja,2020-01-01T12:00:00.000Z
twice,"dwa razy",2020-01-01T12:00:00.000Z
type,rodzaj,2020-01-01T12:00:00.000Z
ugly,brzydki,2020-01-01T12:00:00.000Z
uncle,wujek,2020-01-01T12:00:00.000Z
under,pod,2020-01-01T12:00:00.000Z
uneven,nierówny,2020-01-01T12:00:00.000Z
uniform,mundur,2020-01-01T12:00:00.000Z
unit,jednostka,2020-01-01T12:00:00.000Z
universe,wszechświat,2020-01-01T12:00:00.000Z
unless,"chyba że",2020-01-01T12:00:00.000Z
unlikely,"mało prawdopodobne",2020-01-01T12:00:00.000Z
up,"w górę",2020-01-01T12:00:00.000Z
urgent,pilne,2020-01-01T12:00:00.000Z
use,"posługiwać się",2020-01-01T12:00:00.000Z
used,używany,2020-01-01T12:00:00.000Z
useful,przydatny,2020-01-01T12:00:00.000Z
useless,bezużyteczny,2020-01-01T12:00:00.000Z
usually,zazwyczaj,2020-01-01T12:00:00.000Z
valuable,cenny,2020-01-01T12:00:00.000Z
value,wartość,2020-01-01T12:00:00.000Z
variety,różnorodność,2020-01-01T12:00:00.000Z
various,różnorodny,2020-01-01T12:00:00.000Z
vehicle,pojazd,2020-01-01T12:00:00.000Z
vertical,pionowy,2020-01-01T12:00:00.000Z
very,bardzo,2020-01-01T12:00:00.000Z
"very much",bardzo,2020-01-01T12:00:00.000Z
village,wioska,2020-01-01T12:00:00.000Z
visit,wizyta,2020-01-01T12:00:00.000Z
volume,Tom,2020-01-01T12:00:00.000Z
wait,czekać,2020-01-01T12:00:00.000Z
"wake up","Obudź się",2020-01-01T12:00:00.000Z
"walk the dog","wyprowadzać psa",2020-01-01T12:00:00.000Z
wall,Ściana,2020-01-01T12:00:00.000Z
wallet,portfel,2020-01-01T12:00:00.000Z
wand,różdżka,2020-01-01T12:00:00.000Z
want,chcieć,2020-01-01T12:00:00.000Z
warm,ciepło,2020-01-01T12:00:00.000Z
warning,ostrzeżenie,2020-01-01T12:00:00.000Z
"wash face","myć twarz",2020-01-01T12:00:00.000Z
"wash hands","myć ręce",2020-01-01T12:00:00.000Z
washer,pralka,2020-01-01T12:00:00.000Z
wasp,osa,2020-01-01T12:00:00.000Z
waste,marnotrawstwo,2020-01-01T12:00:00.000Z
watch,zegarek,2020-01-01T12:00:00.000Z
wax,wosk,2020-01-01T12:00:00.000Z
way,droga,2020-01-01T12:00:00.000Z
"we are ",jesteśmy,2020-01-01T12:00:00.000Z
weak,słaby,2020-01-01T12:00:00.000Z
weapon,broń,2020-01-01T12:00:00.000Z
wear,nosić,2020-01-01T12:00:00.000Z
"wear off",mijać,2020-01-01T12:00:00.000Z
web,sieć,2020-01-01T12:00:00.000Z
wednesday,środa,2020-01-01T12:00:00.000Z
week,tydzień,2020-01-01T12:00:00.000Z
weight,waga,2020-01-01T12:00:00.000Z
went,poszedł,2020-01-01T12:00:00.000Z
west,Zachód,2020-01-01T12:00:00.000Z
wet,mokry,2020-01-01T12:00:00.000Z
what,co,2020-01-01T12:00:00.000Z
"what are you doing?","co robisz?",2020-01-01T12:00:00.000Z
"what do you mean","co masz na myśli",2020-01-01T12:00:00.000Z
"what do you want to know","co chcesz wiedzieć",2020-01-01T12:00:00.000Z
"what do you want?","co chcesz?",2020-01-01T12:00:00.000Z
"what does it mean","co to znaczy",2020-01-01T12:00:00.000Z
"what is it?","co to jest?",2020-01-01T12:00:00.000Z
"what is your favourite _?","jaki jest Twój ulubiony _?",2020-01-01T12:00:00.000Z
"what is your phone number?","jaki jest Twój numer telefonu?",2020-01-01T12:00:00.000Z
"what kind of","jakiego rodzaju",2020-01-01T12:00:00.000Z
"what time is it?","która godzina?",2020-01-01T12:00:00.000Z
"what would you like?","co byś chciał?",2020-01-01T12:00:00.000Z
wheel,koło,2020-01-01T12:00:00.000Z
when,gdy,2020-01-01T12:00:00.000Z
where,gdzie,2020-01-01T12:00:00.000Z
"where are you from?","Skąd jesteś?",2020-01-01T12:00:00.000Z
"where do you live?","gdzie mieszkasz?",2020-01-01T12:00:00.000Z
"where is it?","gdzie to jest?",2020-01-01T12:00:00.000Z
whirl,wir,2020-01-01T12:00:00.000Z
whirlwind,"trąba powietrzna",2020-01-01T12:00:00.000Z
whisper,szept,2020-01-01T12:00:00.000Z
white,biały,2020-01-01T12:00:00.000Z
who,WHO,2020-01-01T12:00:00.000Z
why,dlaczego,2020-01-01T12:00:00.000Z
wide,szeroki,2020-01-01T12:00:00.000Z
wife,żona,2020-01-01T12:00:00.000Z
win,zdobyć,2020-01-01T12:00:00.000Z
wind,wiatr,2020-01-01T12:00:00.000Z
"wind turbine","turbina wiatrowa",2020-01-01T12:00:00.000Z
window,okno,2020-01-01T12:00:00.000Z
wings,skrzydełka,2020-01-01T12:00:00.000Z
wire,drut,2020-01-01T12:00:00.000Z
wise,mądry,2020-01-01T12:00:00.000Z
with,z,2020-01-01T12:00:00.000Z
within,"w ciągu",2020-01-01T12:00:00.000Z
without,bez,2020-01-01T12:00:00.000Z
wolf,Wilk,2020-01-01T12:00:00.000Z
woman,kobieta,2020-01-01T12:00:00.000Z
won,wygrała,2020-01-01T12:00:00.000Z
won't,przyzwyczajenie,2020-01-01T12:00:00.000Z
wonder,cud,2020-01-01T12:00:00.000Z
wood,drewno,2020-01-01T12:00:00.000Z
word,słowo,2020-01-01T12:00:00.000Z
work,praca,2020-01-01T12:00:00.000Z
world,świat,2020-01-01T12:00:00.000Z
worm,robak,2020-01-01T12:00:00.000Z
worse,gorzej,2020-01-01T12:00:00.000Z
"would like",chciałby,2020-01-01T12:00:00.000Z
wound,rana,2020-01-01T12:00:00.000Z
write,pisać,2020-01-01T12:00:00.000Z
year,rok,2020-01-01T12:00:00.000Z
yesterday,wczoraj,2020-01-01T12:00:00.000Z
"you are","ty jesteś",2020-01-01T12:00:00.000Z
"you are right","masz rację",2020-01-01T12:00:00.000Z
"you are wrong","mylisz się",2020-01-01T12:00:00.000Z
your,Twój,2020-01-01T12:00:00.000Z
yourself,siebie,2020-01-01T12:00:00.000Z
"zoom in",zbliżenie,2020-01-01T12:00:00.000Z
"zoom out",pomniejsz,2020-01-01T12:00:00.000Z
